{
  "n": 1200,
  "age_mean": 37.384166666666665,
  "age_sd": 11.537254842706545,
  "mhps_mean": 0.08833333333333333,
  "mhps_sd": 1.4067209705157895,
  "emoi_alpha": 0.9661488599948316,
  "hpi_alpha": 0.9999999999999991,
  "rho_emoi_mhps": -0.816749817187373,
  "rho_emoi_hpi": 0.944461760042889,
  "rho_hpi_mhps": -0.7386836588080965
}