scale,item,item_total_corr
EMOI,d1,0.9255326400920383
EMOI,d2,0.9277515676508541
EMOI,d3,0.9229160842118141
EMOI,d4,0.9511876270712811
HPI,s1,1
HPI,s2,1
HPI,s3,1