quartile,n,mean_emoi,mean_mhps,mean_hpi
Q1,346,1.721820809248555,1.4653179190751444,3.6907514450867054
Q2,280,2.90625,0.6678571428571428,4.9
Q3,330,4.0196969696969695,-0.6151515151515151,6.027272727272727
Q4,244,5.112704918032787,-1.5778688524590163,6.918032786885246