metric,value
N,1200
Age Mean,37.384166666666665
Age SD,11.537254842706545
Countries,5