analysis,rho
primary,-0.816749817187373
strict_only,-0.6841164833676572