variable,n,mean,sd,median,q1,q3,min,max
MHPS,1200,0.08833333333333333,1.4067209705157895,0,-1,1,-2,2
EMOI,1200,3.3195833333333336,1.2977752731972592,3.25,2.25,4.5,1,5.5
HPI,1200,5.2716666666666665,1.3087642602428025,5,4,6,3,7