path,rho
EMOI->HPI,0.944461760042889
HPI->MHPS,-0.7386836588080965
EMOI->MHPS,-0.816749817187373