model,term,beta
1,EMOI,-0.816749817187373
2,EMOI,-0.6533998537498985
2,HPI,-0.36934182940404825