group,n,mean_emoi,sd_emoi,mean_hpi,sd_hpi,mean_age
left,475,4.598947368421053,0.6476263927592345,6.505263157894737,0.650079901332401,37.892631578947366
neutral,157,3.1847133757961785,0.5845315621469278,5.203821656050955,0.7203931472916524,37.445859872611464
right,568,2.2869718309859155,0.8203224112270963,4.258802816901408,0.9067003964960776,36.941901408450704